{
  "test_season_start": 2024,
  "baseline_artifact": "artifacts/winprob_catboost_baseline_sprint1.json",
  "odds_artifact": "artifacts/winprob_catboost_odds_sprint1.json",
  "baseline_metrics": {
    "model_name": "baseline",
    "brier_overall": 0.15097548828964202,
    "logloss_overall": 0.45053633117194747,
    "total_snapshots": 660185,
    "brier_2880-2400": 0.20612495704076833,
    "logloss_2880-2400": 0.5974180868471468,
    "count_2880-2400": 101106,
    "brier_2400-1800": 0.19129220424986884,
    "logloss_2400-1800": 0.5592242589147229,
    "count_2400-1800": 140652,
    "brier_1800-1200": 0.1690022244709331,
    "logloss_1800-1200": 0.5055404964281549,
    "count_1800-1200": 133588,
    "brier_1200-600": 0.13276010167718097,
    "logloss_1200-600": 0.4068393666324454,
    "count_1200-600": 140284,
    "brier_600-120": 0.08852307545256002,
    "logloss_600-120": 0.2759693869597266,
    "count_600-120": 107540,
    "brier_120-0": 0.032556880110978605,
    "logloss_120-0": 0.11059891454684702,
    "count_120-0": 37015
  },
  "odds_metrics": {
    "model_name": "odds_enabled",
    "brier_overall": 0.15363585614380643,
    "logloss_overall": 0.46070994796341214,
    "total_snapshots": 660185,
    "brier_2880-2400": 0.2081721456117356,
    "logloss_2880-2400": 0.6023688986950516,
    "count_2880-2400": 101106,
    "brier_2400-1800": 0.1951804834953004,
    "logloss_2400-1800": 0.5701570532007822,
    "count_2400-1800": 140652,
    "brier_1800-1200": 0.17257557209721192,
    "logloss_1800-1200": 0.5157009886220106,
    "count_1800-1200": 133588,
    "brier_1200-600": 0.1347929513513998,
    "logloss_1200-600": 0.4155029587337585,
    "count_1200-600": 140284,
    "brier_600-120": 0.09043693600657876,
    "logloss_600-120": 0.2902715001419491,
    "count_600-120": 107540,
    "brier_120-0": 0.03347835630550051,
    "logloss_120-0": 0.12592947242085548,
    "count_120-0": 37015
  },
  "improvements": {
    "brier_overall_pct": -1.762119059393645,
    "logloss_overall_pct": -2.2581124068287184
  }
}
